{
    "name": "japan-map",
    "title": "Japan Map - clickable map of Japan",
    "description": "jQuery plugin for creating clickable canvas (as far) map of prefectures or areas of Japan.",
    "keywords": [
        "html5",
        "canvas",
        "japan",
        "map",
        "prefecture",
        "clickable",
        "selector"
    ],
    "version": "0.0.4",
    "author": {
        "name": "Takemaru Hirai",
        "url": "https://github.com/takemaru-hirai"
    },
    "licenses": [
        {
            "type": "MIT",
            "url": "https://github.com/takemaru-hirai/japan-map/blob/master/LICENSE.txt"
        }
    ],
    "bugs": "https://github.com/takemaru-hirai/japan-map/issues",
    "homepage": "http://takemaru-hirai.github.io/japan-map/",
    "docs": "http://takemaru-hirai.github.io/japan-map/",
    "download": "http://takemaru-hirai.github.io/japan-map/",
    "dependencies": {
        "jquery": ">=1.11.1"
    }
}
